session_id;timestamp;pragmatic_failure_flag;pragmatic_failure_reason;value_misalignment_flag;value_misalignment_reason;conflict_task_flag;conflict_relationship_flag;conflict_process_flag;conflict_type_reason;conflict_resolution_type_flag;conflict_resolution_type_reason;hofstede_dimensions;hofstede_dimensions_comment;tailored_advice;retrieved_knowledge;reasoning;letter
f9788f09-9c4e-4723-8b5e-08adadf2d5b5;2026-05-02T13:23:41.000777+02:00;low;"No clear misunderstanding or unclear intent was observed; participants generally responded directly and acknowledged each other’s points.";high;The participants clearly prioritized different goals: P3 focused on the lineup, P1 on the venue, and P2 on promotion and ticket sales.;1;0;1;There was explicit disagreement about which planning step should come first, but no clear personal tension. The group also disagreed repeatedly about the order of work.;constructive controversy;The discussion mainly showed direct comparison and pushback between different ideas about the best first step.;"P2: low hierarchy, fairly balanced, somewhat flexible; P3: low hierarchy, group-aware but independence-leaning, enjoyment-focused; P1: low hierarchy, more structured, careful and planning-oriented";These differences show up as P3 speaking from audience and experience, while P1 and P2 focus more on structure, risk, and practical limits.;P3 and P2 should each give one short reason for their choice, then P1 should answer them with one short trade-off point so the team can compare the three options side by side.;"- [value_misalignment] Value misalignment occurs when participants express different priorities, goals, or evaluation criteria when making decisions.
- [task_conflict] Task conflict involves disagreement about ideas, decisions, or approaches to the work itself.
- [relationship_conflict] Relationship conflict involves interpersonal tension, irritation, or negative emotional reactions between participants.
- [process_conflict] Process conflict involves disagreement about roles, responsibilities, or how the work should be organized.
- [interest_analysis] Interest analysis focuses on identifying underlying needs and negotiating compromises between conflicting priorities.";"1. Pragmatic failure instances found: No clear misunderstanding or unclear intent was observed; participants mostly responded directly to each other, for example “Yeah, I get the reasoning” and “I get what you mean.”
2. Value misalignment instances found: Clear differences in priorities were visible, such as P3 saying “the most important thing is the music,” P1 focusing on “Security venue,” and P2 saying “promoting the festival and selling tickets” should come first.
3. Task conflict instances found: 1 — clear direct disagreement about what should come first, e.g. “I think we should prioritise the lineup,” “I think it’s important to 1st Security venue,” and “I think starting from the artist point is maybe a bit of a big two risk.”
4. Relationship conflict instances found: 0 — no direct negative comments about another person’s tone or behavior were clearly observed.
5. Process conflict instances found: 1 — there was repeated disagreement about the order of work and how to proceed first, especially booking artists vs securing the venue vs selling tickets.
6. Resolution type chosen and why: Constructive controversy, because the discussion mainly consists of explicit comparison and pushback between different ideas about the best first step.";"Hi everyone,

I can see that one person has just stepped in asking for support, which fits the way this discussion has been moving: direct, fast, and still trying to stay clear. The team is clearly close to a decision, but the main options are still pulling in different directions.

So far, the talk has been very concrete: P3 keeps putting the music first, P1 keeps returning to the venue and stage setup, and P2 keeps stressing tickets and money. You can hear them answering each other straight away, like when one says “I get the reasoning” and then raises a new concern right after. There is also a repeated back-and-forth about what should come first, with each person linking their choice to a different risk. The pace is lively, but the team is still circling the same three priorities instead of settling on one order.

**P3 and P2, it may help if you each state your main concern in one short sentence and then answer P1’s point directly, so the group can compare the trade-off more cleanly.**

— The Mediator"
de203a5d-80a6-4609-a223-7027e86ba455;2026-05-04T19:20:11.280616+02:00;medium;There were two clear signs of communication trouble: confusion over who was speaking and whether the audio was lagging, plus a brief breakdown in turn-taking.;high;The participants clearly prioritized different things first: artists, promotion/tickets, and the venue.;1;0;1;There was direct pushback on the best first step, especially between artist-first and venue-first views. No clear personal criticism was observed, but there was some disagreement about how to organize the discussion.;constructive controversy;The transcript mainly shows people directly comparing and challenging different ideas about what should come first.;"P5: low-status, moderately structured, group-aware; P6: low-status, more structured and uncertainty-averse; P4: low-status, more achievement-focused and fairly long-term";These differences show up in how P6 presses for a fixed venue and P4 and P5 keep weighing flexibility, risk, and what will help the festival move forward.;P5 and P6, each say your top priority in one sentence before P4 replies, so the group can compare the lineup-first and venue-first views more clearly.;"- [process_conflict] Process conflict involves disagreement about roles, responsibilities, or how the work should be organized.
- [value_misalignment] Value misalignment occurs when participants express different priorities, goals, or evaluation criteria when making decisions.
- [task_conflict] Task conflict involves disagreement about ideas, decisions, or approaches to the work itself.
- [relationship_conflict] Relationship conflict involves interpersonal tension, irritation, or negative emotional reactions between participants.
- [reflexivity] Reflexivity involves reflecting on assumptions, interpretations, and misunderstandings in communication.";"1. Pragmatic failure instances found: One clear moment of confusion about who was speaking and whether audio was dropping — “Wait, who's the who's who's speaking for an artist?”, “Am I lagging?”, and “we do still hear you, but not with your reading.”
2. Value misalignment instances found: The team showed different priorities for what to do first — “book the headline and supporting acts,” “promote the festival, to sell tickets,” and “first settling of a venue it's important because without a venue the festival cannot happen.”
3. Task conflict instances found: 1 clear instance — “True, but I do think a venue…” and later “I do think a venue is just easier to obtain,” which directly pushes back on the earlier idea that artists should come first.
4. Relationship conflict instances found: 0 — no clear personal criticism or negative remarks at another person were observed.
5. Process conflict instances found: 1 clear instance — “Should I just start? I don't know.” and the later back-and-forth over whether to begin with artist, tickets, or venue shows competing ways of organizing the discussion.
6. Resolution type chosen and why: constructive controversy — the main pattern is direct comparison and challenge of different ideas about priority order, with some clarification when the speaking got unclear.";"Hi everyone,

I can see that someone has stepped in because the group feels a bit stuck, and that makes sense after a fast round of back-and-forth. The discussion is still focused, but the speaking has been a little uneven and one person even had to ask, “Am I lagging?”

So far, the team has been comparing three different starting points: the lineup, the venue, and promotion. P5 and P4 keep leaning toward the artists and tickets, while P6 keeps bringing the focus back to the venue and says, “without a venue the festival cannot happen.” There has also been some confusion in the flow, with one short break in the speaking turn and a moment where people had to check who was talking. Even so, everyone is trying to explain a reason, and the group is moving at a fairly quick pace with real differences in what matters most.

**P5 and P6, if you each restate your main point in one short sentence before P4 responds, it may help the group compare the lineup-first and venue-first views more clearly.**

— The Mediator"
1caaba4c-cef5-4166-ae22-523dab056622;2026-05-06T15:27:17.696087+02:00;low;"No clear misunderstanding blocked the discussion; only a few small wording checks and clarifications were visible, such as asking whether a word was English or checking budget details.";high;The participants clearly differed on what should come first: venue, money, artists, promotion, and festival style were each treated as the key starting point at different moments.;1;0;1;There was direct pushback on the order of decisions, especially around venue versus money versus artists, and the group also kept disagreeing about how to proceed without settling the sequence.;interest analysis;The discussion repeatedly tried to weigh and connect different needs, especially budget, venue, artists, and promotion, rather than only arguing for one side.;"P9: structured, long-term, people-aware; P8: very structure-focused, cautious, group-minded; P7: direct, flexible, practical";These differences show up in how P8 and P7 press for a clear order and P9 keeps tying the choices together and asking what fits the larger plan.;P9 and P7 should each state their top priority in one short sentence, and P8 should then check both against venue limits and budget so the group can settle one shared order faster.;"- [task_conflict] Task conflict involves disagreement about ideas, decisions, or approaches to the work itself.
- [value_misalignment] Value misalignment occurs when participants express different priorities, goals, or evaluation criteria when making decisions.
- [process_conflict] Process conflict involves disagreement about roles, responsibilities, or how the work should be organized.
- [relationship_conflict] Relationship conflict involves interpersonal tension, irritation, or negative emotional reactions between participants.
- [interest_analysis] Interest analysis focuses on identifying underlying needs and negotiating compromises between conflicting priorities.";"1. Pragmatic failure instances found: No clear misunderstanding that stops the group from understanding each other. There are some wording checks like “is that a word in English” and “I’m not sure how much you need to pay,” but these are small clarifications, not breakdowns.
2. Value misalignment instances found: Clear differences in priorities show up many times, for example “we need to get a venue first,” “we have to get money first,” and “we need to like know what kind of music festival we’re organising before we can even decide where we’re gonna locate it.” Later they also differ on whether the venue, artists, or promotion should come first.
3. Task conflict instances found: 1 clear instance. P7 directly pushes back on P9’s ordering with “Well, yeah, obviously we don't have a budget yet. If we start booking artists...” and later “I think indeed maybe the place is most important,” which directly responds to the earlier idea.
4. Relationship conflict instances found: 0 clear instances. No one attacks another person’s tone or behavior in a negative way.
5. Process conflict instances found: 1 clear instance. They repeatedly disagree about how to proceed, especially whether to start with venue, money, artists, or promotion, and this order stays unresolved for much of the discussion.
6. Resolution type chosen and why: Interest analysis. The group keeps trying to balance different needs — venue, budget, artists, and promotion — and there are several explicit attempts to connect them, like “we can make a decision which of those venues to make a final deal with” and “they will be hand in hand.”";"Hi everyone,

The latest message is a simple request for help, and it fits the way the group has been trying to pull the discussion back together. It sounds like the team wants some structure after a lot of back-and-forth.

So far, the talk has moved quickly and bounced around between the venue, money, artists, and promotion. P8 keeps pushing the venue side, P7 keeps bringing up budget and attendance, and P9 keeps linking the festival type to the location and artists. There is some direct pushback, like “obviously we need to get a venue first” versus “we have to get money first,” but the team also keeps trying to connect the pieces instead of shutting each other down. The tone stays mostly practical, with a lot of short replies, quick corrections, and repeated checks on what should come first.

**P9 and P7, it would help to keep the next few minutes focused on one shared order at a time, while P8 checks each option against what the venue and budget would allow.**

— The Mediator"
81eca69c-b443-4e2a-8325-74affb153813;2026-05-08T13:59:19.420198+02:00;medium;"There are a couple of clear moments where meaning needed checking, such as P11 asking, ""What do you mean with that?"" after P12's ""like HR"" comment, and repeated clarification around ""one big name"" versus multiple artists.";high;The participants repeatedly prioritize different goals: P10 focuses on promotion and ticket sales, P11 focuses on the artist lineup, and P12 focuses on the venue and setup.;1;0;1;"There is direct disagreement about the plan, especially when P11 says, ""I don't agree... We have to have like one big name. I think we have like multiple..."" There is also clear disagreement about how to organize the work, with different people pushing different first steps.";constructive controversy;The discussion mainly compares and challenges different ideas about what should come first, with direct pushback and explanation of options.;"P11: low-hierarchy, team-oriented, relaxed about structure; P12: mixed but more flexible and group-minded; P10: slightly structured, practical, balanced between team and results";These differences show up as P11 leaning strongly on the lineup, P10 pushing a practical money-and-attendance path, and P12 trying to connect the ideas into a workable order.;P11 and P10 should each give one short, clear reason for their first choice, then compare those two ideas directly so P12 can keep the discussion focused.;"- [value_misalignment] Value misalignment occurs when participants express different priorities, goals, or evaluation criteria when making decisions.
- [task_conflict] Task conflict involves disagreement about ideas, decisions, or approaches to the work itself.
- [process_conflict] Process conflict involves disagreement about roles, responsibilities, or how the work should be organized.
- [reflexivity] Reflexivity involves reflecting on assumptions, interpretations, and misunderstandings in communication.
- [pragmatic_failure] Pragmatic failure occurs when speakers misinterpret intent due to ambiguous phrasing, missing context, or different communicative norms.";"1. Pragmatic failure instances found: One clear moment is when P11 asks, “What do you mean with that?” after P12 says he is “like HR,” which shows a short misunderstanding about meaning. Another small clarity issue is the back-and-forth around “one big name,” “multiple big name hugs,” and “we have to have like one big name,” where the plan needs repeated re-explaining.

2. Value misalignment instances found: P10 says, “My preference is to sell tickets early on, promote the festival,” while P11 says, “I think the best course of action is first look at what artists want to come,” and P12 says the next big step is “a venue.” These show different priorities: promotion and money, lineup quality, and logistics.

3. Task conflict instances found: “I agree with you guys. The only small part I don't agree with you guys is that... We have to have like one big name. I think we have like multiple...” This is a direct disagreement about the planning approach.

4. Relationship conflict instances found: No clear negative comment about another person’s behavior or style was observed.

5. Process conflict instances found: P10 pushes for promotion and ticket sales first, P11 pushes for artists first, and P12 pushes for venue first; these are different ways of organizing the work and they stay unresolved for much of the talk.

6. Resolution type chosen and why: Constructive controversy, because the discussion clearly compares different ideas for what should come first, with direct pushback and explanation of different options.";"Hi everyone,

I can see the team is trying hard to make sense of the next step, and people are bringing up different parts of the plan with a lot of energy. The latest message shows a clear moment where the group wants a bit of support to keep moving in the same direction.

So far, the talk has moved quickly between three main priorities: the lineup, the venue, and getting people to buy tickets. P10 keeps saying the team should “sell tickets early on” and “promote the festival,” while P11 keeps bringing it back to the artists and says “the lineup is the most important thing,” and P12 keeps pointing to the venue and setup. There has also been some back-and-forth where the same point had to be repeated in different ways, especially around whether one big name or several smaller names should come first. Even with that, everyone is still trying to connect their idea to the same goal, which is to get the festival off the ground.

**P11 and P10, please use the next few minutes to say your top choice in one short sentence each and directly compare those two ideas, so P12 can place them against the venue point without the discussion drifting again.**

— The Mediator"
1f17edc1-761f-4979-8659-e18af80af111;2026-05-11T12:00:17.778522+02:00;low;"No clear misunderstanding of meaning or intent was observed; the team mainly disagreed on priorities and asked clarifying questions, such as whether a venue was truly missing or just secret.";high;Participants clearly prioritized different things: Tieeny focused on promotion and early awareness, Aquila on venue and structure, and P14 on avoiding disappointment and protecting audience expectations.;1;0;1;There was direct disagreement about the planning order, including 'I don't agree' and pushback on whether promotion or venue should come first. There was also unresolved disagreement about how to proceed, showing process conflict. No clear personal tension was observed.;constructive controversy;The discussion mostly involved direct comparison and challenge of different ideas about what should be prioritised.;"P14 A: structured, cautious, group-aware; Aquila: structured, cautious, flexible on long-term planning; Tieeny: upbeat, people-focused, more comfortable with early action";These differences show up in the way P14 and Aquila ask for clearer plans and evidence, while Tieeny is more comfortable pushing early action and informal promotion.;In the next few minutes, Tieeny and Aquila should each state one short reason for their preferred order, then P14 should name the one risk she thinks matters most, so the team can compare promotion, venue, and lineup using the same standard.;"- [process_conflict] Process conflict involves disagreement about roles, responsibilities, or how the work should be organized.
- [value_misalignment] Value misalignment occurs when participants express different priorities, goals, or evaluation criteria when making decisions.
- [relationship_conflict] Relationship conflict involves interpersonal tension, irritation, or negative emotional reactions between participants.
- [reflexivity] Reflexivity involves reflecting on assumptions, interpretations, and misunderstandings in communication.
- [task_conflict] Task conflict involves disagreement about ideas, decisions, or approaches to the work itself.";"1. Pragmatic failure instances found: No clear misunderstanding of meaning was shown; the team mostly understood each other’s points, even when they disagreed. One small example of uncertainty is P14 asking, “is it because they just want it to be a secret or because they actually don’t have one?”, but this is more clarification than a breakdown.
2. Value misalignment instances found: Clear differences in priorities were visible, such as “I feel like the best first step is to promote the festival and sell tickets” versus “the most logical step is to First, secure the festival venue,” and P14’s concern that “if you don’t have confirmed headline acts, then you can disappoint people.”
3. Task conflict instances found: Yes, one clear case, because participants directly disagreed on the order of the planning steps, for example “I don’t agree” and “So what would your proposed like order be?”
4. Relationship conflict instances found: Low to none; there was light joking, like “Hahaha,” but no direct negative comments about one another’s behavior or communication style.
5. Process conflict instances found: Yes, there was clear disagreement about how to proceed, especially whether to start with promotion or first secure the venue and acts.
6. Resolution type chosen and why: Constructive controversy, because the discussion mainly consisted of people directly comparing and challenging different ideas about the best order for the task.";"Hi everyone,

Thanks for asking for help — the group is clearly in the middle of a real choice, and people are trying to make sense of each other’s ideas. The conversation has moved quickly, and the main issue is not confusion, but different views on what should come first.

So far, the team has been talking about three different priorities: promoting early, securing the venue, and booking the acts. Tieeny keeps saying promotion should start first because “promoting is free,” while Aquila keeps pushing for a fixed order with the venue first and the lineup after that. P14 has been the clearest voice of caution, saying people may be disappointed if they buy tickets before they know the artists or the place. There is also some back-and-forth about whether promotion really costs nothing, and whether a “blind” approach would work for a first-time festival.

**In the next few minutes, Tieeny and Aquila should each state one short reason for their preferred order, then P14 should name the one risk she thinks matters most, so the team can compare promotion, venue, and lineup using the same standard.**

— The Mediator"
3270454f-92ed-4505-87f7-08ccaa2516f2;2026-05-11T15:25:22.169438+02:00;low;"No clear misunderstanding or breakdown in meaning was observed; only a few brief clarification turns appeared.";high;The participants clearly differ in priorities: attendance and revenue, venue and feasibility, and lineup quality are each treated as the main focus.;1;0;1;There is direct disagreement about which planning step should come first, and the team also keeps debating the order of work without settling it. No clear personal criticism was observed.;constructive controversy;The transcript shows open comparison of different ideas, with people directly challenging and weighing the planning options against each other.;"P16: more fan-focused, likes flexible discussion; P18: moderately structured and practical; P17: structured, careful, and cautious about uncertainty";These differences show up as P16 pushing for the lineup, while P17 and P18 keep steering back to the safer, practical steps of venue and tickets.;P17 and P16 could each name the one thing they most need from the next step, in one short sentence each, so P18 can compare those two views with the venue issue right away.;"- [value_misalignment] Value misalignment occurs when participants express different priorities, goals, or evaluation criteria when making decisions.
- [task_conflict] Task conflict involves disagreement about ideas, decisions, or approaches to the work itself.
- [relationship_conflict] Relationship conflict involves interpersonal tension, irritation, or negative emotional reactions between participants.
- [process_conflict] Process conflict involves disagreement about roles, responsibilities, or how the work should be organized.
- [reflexivity] Reflexivity involves reflecting on assumptions, interpretations, and misunderstandings in communication.";"1. Pragmatic failure instances found: no clear misunderstanding; the group mostly understands each other, though there are a few clarifying turns like “do you, ohh, sorry” and “What do you mean?” that look like brief clarification rather than breakdown.
2. Value misalignment instances found: clear differences in priorities are visible in “I want financial sustainability and attendance and commercial success,” “I have to make sure that there is a location and the whole infrastructure is all,” and “I prefer to start with the headline and supporting acts,” showing different ways of judging what matters most.
3. Task conflict instances found: 1 — direct pushback appears in “To me, P16, I get where you're coming from ... but I think first we need to start with either a location or selling some tickets,” and “Yeah, but it’s the first time we're organising this event ... we need to secure this location first.”
4. Relationship conflict instances found: 0 — no clear personal criticism or irritation toward another person is directly stated.
5. Process conflict instances found: 1 — there is repeated disagreement about the order of work, especially whether to start with promotion, lineup, or venue, and this remains unresolved for much of the discussion.
6. Resolution type chosen and why: constructive controversy, because the clearest pattern is open comparison of different ideas about what should come first, with explicit back-and-forth on the choices.";"Hi everyone,

I hear the team is trying to make sense of a lot at once, and the latest message shows someone asking for help in a moment where the discussion still feels active and not fully settled. The group has been moving quickly, with people trying to line up their own priorities while still staying polite and involved.

So far, the discussion has been very concrete: P17 focuses on attendance and money, P18 keeps returning to location and setup, and P16 keeps bringing the conversation back to the artists and the lineup. People do respond to each other directly, like “but I think first we need to start with either a location or selling some tickets” and “Yeah, but it’s the first time we're organising this event.” The pace is fairly brisk, with short replies, some overlap, and a few moments where people restate the same point in different words. There is clear difference in what each person sees as most important, but the tone stays mostly respectful and practical.

**P17 and P16 could each name the one thing they most need from the next step, in one short sentence each, so P18 can compare those two views with the venue issue right away.**

— The Mediator"
;Experiment 7;Low;"- “Oh, wait, let me, like, you're asking about, like, my preference or, like, the rule.” This shows a brief clarification need about what was being asked.
- “I don't have my...” / “wait” indicates some momentary uncertainty, but no major misunderstanding.
";High;"- “I would prefer with booking the headline and supporting act first.”
- “I can agree with that because ... you will be able to also promote the festival and sell the tickets then.”
- “I would also like if we were not to book the headline, I would go for the venue first.”
These show different priorities around artists, promotion, and feasibility.";1;0;1;"- “But I'm wondering how you can promote something without a venue...”
- “I think our first step should be like having a kind of like a mock schedule...”
- “But do you want to book the venue before we even know how many people are coming to the festival?”
This is direct pushback on the order of steps. - “Do we have a kind of agreement on how we will do it then?”
- “Maybe if everyone tells their preferred order.”
The group is explicitly negotiating how to decide the sequence of work. - No clear negative remarks about another person’s tone or behavior.";interest analysis;because the participants are trying to balance different priorities and constraints, especially artist contact, venue risk, promotion, and expected attendance. There is clear trade-off talk and some compromise language like “I can get behind that.”;;;;"- [process_conflict] Process conflict involves disagreement about roles, responsibilities, or how the work should be organized.
- [value_misalignment] Value misalignment occurs when participants express different priorities, goals, or evaluation criteria when making decisions.
- [task_conflict] Task conflict involves disagreement about ideas, decisions, or approaches to the work itself.
- [reflexivity] Reflexivity involves reflecting on assumptions, interpretations, and misunderstandings in communication.
- [relationship_conflict] Relationship conflict involves interpersonal tension, irritation, or negative emotional reactions between participants.";"1. Pragmatic failure instances found: ""Oh, wait, let me, like, you're asking about, like, my preference or, like, the rule."" This shows a brief clarification need about what was being asked. ""I don't have my..."" / ""wait"" indicates some momentary uncertainty, but no major misunderstanding.
2. Value misalignment instances found: ""I would prefer with booking the headline and supporting act first."" ""I can agree with that because ... you will be able to also promote the festival and sell the tickets then."" ""I would also like if we were not to book the headline, I would go for the venue first."" These show different priorities around artists, promotion, and feasibility.
3. Task conflict instances found: 1 ""But I'm wondering how you can promote something without a venue..."" ""I think our first step should be like having a kind of like a mock schedule..."" ""But do you want to book the venue before we even know how many people are coming to the festival?"" This is direct pushback on the order of steps.
4. Relationship conflict instances found: 0 No clear negative remarks about another person's tone or behavior.
5. Process conflict instances found: 1 ""Do we have a kind of agreement on how we will do it then?"" ""Maybe if everyone tells their preferred order."" The group is explicitly negotiating how to decide the sequence of work.
6. Resolution type chosen and why: Interest analysis, because the participants are trying to balance different priorities and constraints, especially artist contact, venue risk, promotion, and expected attendance. There is clear trade-off talk and some compromise language like ""I can get behind that.""";"Hi everyone,

I hear that the team is trying to make the next step clear, and the latest question shows that people want the order to make sense before moving on. The conversation is still focused and practical, but there are different ideas about what needs to come first.

So far, the group has talked through all three steps: booking the headline acts, securing the venue and stage setup, and promoting the festival. P19 kept worrying that promotion without a venue or dates would feel too early, while P21 kept pointing out that early artist contact and a preliminary plan could reduce risk. P20 also weighed in by saying that venue and stage setup should come before promotion, and the group kept checking each other’s logic instead of just repeating the same point. The pace has been careful and fairly collaborative, with people adP11g their views as the discussion goes on.

**P19 and P21, it may help if you each say your order as a simple 1-2-3 list in one sentence, and then P20 repeats it back once so the group can compare the differences quickly. That keeps the discussion clear and makes your different priorities easier to line up. 
— The Mediator"